root_indices,timestamp,motivic_signature,mass_gap_signature,character_degree_proxy,block_defect,extn_estimation,non_split_extension
"[0, 13]",1743755151.351346,motif_176,0.11277232341502019,60,6,non-split,False
"[0, 46]",1743755151.3516002,motif_57,0.5303233675773398,10,6,non-split,False
"[0, 47]",1743755151.351799,motif_404,0.8791726498588393,54,1,split,False
"[0, 48]",1743755151.352003,motif_796,0.24467946956262987,15,0,non-split,False
"[0, 49]",1743755151.352163,motif_763,0.8620344707659964,39,9,non-split,False
"[0, 50]",1743755151.35234,motif_920,0.2938584820332737,4,1,split,False
"[0, 51]",1743755151.352491,motif_250,0.5901391761240812,79,3,split,False
"[0, 52]",1743755151.3526368,motif_92,0.3107805185672895,86,4,non-split,False
"[0, 53]",1743755151.352819,motif_888,0.7345331448047341,7,9,split,False
"[0, 54]",1743755151.352967,motif_146,0.01254225882616744,54,6,split,False
"[0, 55]",1743755151.3531132,motif_837,0.06402039845955343,59,5,split,False
"[0, 56]",1743755151.353295,motif_404,0.08115739620898743,14,3,non-split,False
"[0, 57]",1743755151.3534489,motif_513,0.11575584461338317,42,3,non-split,False
"[0, 58]",1743755151.3535979,motif_589,0.22450322352460228,1,9,non-split,False
"[0, 59]",1743755151.353746,motif_603,0.29505243297807004,58,9,non-split,False
"[0, 60]",1743755151.3539488,motif_762,0.7781258824077566,39,8,split,False
"[0, 61]",1743755151.35409,motif_666,0.47123282773299835,60,0,non-split,False
"[0, 62]",1743755151.3543732,motif_200,0.4538048140826785,14,4,split,False
"[0, 63]",1743755151.354671,motif_275,0.39367519393192163,3,0,non-split,False
"[0, 64]",1743755151.354987,motif_392,0.4374929867449934,11,2,non-split,False
"[0, 65]",1743755151.355136,motif_90,0.924469654266433,32,2,split,False
"[0, 66]",1743755151.355422,motif_774,0.5302704257338244,55,3,split,False
"[0, 67]",1743755151.3555899,motif_21,0.35794357143147126,65,6,non-split,False
"[0, 68]",1743755151.355801,motif_197,0.6890175975696808,13,3,non-split,False
"[0, 69]",1743755151.3560588,motif_690,0.6033912622004971,77,3,non-split,False
"[0, 70]",1743755151.356232,motif_981,0.3955807281783431,96,4,split,False
"[0, 71]",1743755151.356386,motif_212,0.543866068252618,79,5,split,False
"[0, 72]",1743755151.356534,motif_960,0.9309013903660512,82,3,non-split,False
"[0, 73]",1743755151.35668,motif_777,0.2561706491434962,83,1,split,False
"[0, 74]",1743755151.356831,motif_802,0.9298033950891375,25,2,non-split,False
"[0, 75]",1743755151.356975,motif_613,0.4589237986191479,78,5,non-split,False
"[0, 76]",1743755151.357117,motif_463,0.24722853734814731,44,5,split,False
"[0, 77]",1743755151.357263,motif_999,0.2325455972837983,57,2,non-split,False
"[0, 90]",1743755151.357435,motif_596,0.6566404882782108,36,9,split,False
"[0, 91]",1743755151.357576,motif_227,0.7920391557218633,67,4,split,False
"[0, 92]",1743755151.357715,motif_23,0.7177169980769119,21,2,split,False
"[0, 93]",1743755151.357855,motif_277,0.18553285860403668,15,8,non-split,False
"[0, 94]",1743755151.357996,motif_23,0.3933457181325939,65,8,split,False
"[0, 95]",1743755151.3581362,motif_469,0.6400445015068882,23,7,split,False
"[0, 96]",1743755151.358274,motif_360,0.9021998363004006,16,7,non-split,False
"[0, 97]",1743755151.358413,motif_927,0.768419437341575,46,8,split,False
"[0, 98]",1743755151.3585532,motif_723,0.260429582167667,52,5,split,False
"[0, 99]",1743755151.358691,motif_272,0.2878508673300674,52,5,split,False
"[0, 100]",1743755151.3588579,motif_699,0.1375583958811819,83,1,non-split,False
"[0, 101]",1743755151.359005,motif_847,0.16222763942210727,28,9,non-split,False
"[0, 102]",1743755151.359145,motif_14,0.45174202223325166,46,1,non-split,False
"[0, 103]",1743755151.359284,motif_337,0.3228895906930993,78,4,non-split,False
"[0, 104]",1743755151.359422,motif_451,0.06635141697871705,79,0,split,False
"[0, 105]",1743755151.359566,motif_447,0.8287546072240416,38,6,split,False
"[0, 106]",1743755151.359705,motif_151,0.6039958927368442,41,1,split,False
"[0, 107]",1743755151.359843,motif_936,0.8859221101367657,17,9,non-split,False
"[0, 108]",1743755151.359982,motif_555,0.0822327096360923,56,9,non-split,False
"[0, 109]",1743755151.360123,motif_469,0.3639894351893197,59,1,split,False
"[0, 110]",1743755151.3602612,motif_119,0.43804796539171487,27,2,non-split,False
"[0, 111]",1743755151.3604128,motif_979,0.09602072476935208,23,2,non-split,False
"[0, 112]",1743755151.36055,motif_905,0.6055636514177889,70,0,split,False
"[0, 113]",1743755151.360689,motif_772,0.8484232729501505,45,0,non-split,False
"[0, 114]",1743755151.360826,motif_228,0.616342916717019,23,0,split,False
"[0, 115]",1743755151.360964,motif_413,0.23196598305756344,27,6,split,False
"[0, 116]",1743755151.3611012,motif_352,0.3707086842169386,22,1,non-split,False
"[0, 117]",1743755151.3612428,motif_816,0.8622600775613066,28,5,split,False
"[0, 118]",1743755151.36138,motif_480,0.2502523284851974,22,2,split,False
"[0, 119]",1743755151.3615181,motif_230,0.3603432531851477,11,8,non-split,False
"[0, 120]",1743755151.3616571,motif_210,0.5763448113442342,26,1,split,False
"[0, 121]",1743755151.3617978,motif_112,0.3201471149798578,9,3,split,False
"[0, 122]",1743755151.361983,motif_895,0.5036210746116215,49,8,split,False
"[0, 123]",1743755151.362147,motif_634,0.23641180114090132,9,4,non-split,False
"[0, 124]",1743755151.3623,motif_319,0.11487770817271126,78,3,non-split,False
"[0, 125]",1743755151.362445,motif_932,0.452876930791961,83,9,split,False
"[0, 126]",1743755151.362587,motif_419,0.5724694879838397,86,7,split,False
"[0, 127]",1743755151.36273,motif_660,0.5746180715315412,87,4,non-split,False
"[0, 128]",1743755151.3628721,motif_376,0.8318630113916343,25,7,split,False
"[0, 129]",1743755151.363012,motif_881,0.358742291671281,70,3,split,False
"[0, 130]",1743755151.363151,motif_332,0.2408078263505682,60,4,split,False
"[0, 131]",1743755151.3632908,motif_68,0.0669779471581825,76,9,non-split,False
"[0, 132]",1743755151.363435,motif_698,0.17339079376558686,93,7,split,False
"[0, 133]",1743755151.363575,motif_295,0.5322419812756382,78,9,non-split,False
"[0, 134]",1743755151.3637152,motif_814,0.3530852419375389,91,1,non-split,False
"[0, 135]",1743755151.3638551,motif_538,0.8131060810672492,89,7,non-split,False
"[0, 136]",1743755151.3639958,motif_165,0.5069169021920177,42,3,non-split,False
"[0, 137]",1743755151.3641338,motif_220,0.7113157478943429,80,3,non-split,False
"[0, 138]",1743755151.3642728,motif_877,0.4400150368370235,35,4,non-split,False
"[0, 139]",1743755151.364414,motif_572,0.784367094840288,59,3,non-split,False
"[0, 140]",1743755151.3645551,motif_951,0.912593001770796,73,9,non-split,False
"[0, 141]",1743755151.364694,motif_467,0.06800418482139536,18,0,non-split,False
"[0, 142]",1743755151.364832,motif_771,0.7923741262287355,77,1,split,False
"[0, 143]",1743755151.3649752,motif_637,0.5688876614089599,30,0,split,False
"[0, 144]",1743755151.3651142,motif_747,0.4003088852985355,89,1,non-split,False
"[0, 145]",1743755151.3652532,motif_7,0.4694535190738387,86,2,split,False
"[0, 146]",1743755151.365392,motif_533,0.9068799615129999,50,0,non-split,False
"[0, 147]",1743755151.365532,motif_312,0.16009296394727757,43,6,split,False
"[0, 148]",1743755151.365671,motif_820,0.6033134829888878,64,6,split,False
"[0, 149]",1743755151.365812,motif_389,0.5509628514552745,73,0,non-split,False
"[0, 162]",1743755151.365979,motif_31,0.9637186893471662,5,5,non-split,False
"[0, 163]",1743755151.366121,motif_503,0.8717869611694357,32,7,split,False
"[0, 164]",1743755151.36626,motif_871,0.7229789895575139,51,3,non-split,False
"[0, 165]",1743755151.366399,motif_983,0.4133972533412389,4,2,non-split,False
"[0, 166]",1743755151.366602,motif_353,0.5724752057010354,92,0,non-split,False
"[0, 167]",1743755151.366792,motif_552,0.19963334522699128,44,2,non-split,False
"[0, 168]",1743755151.366949,motif_566,0.7098230840625059,47,9,non-split,False
"[0, 169]",1743755151.3670971,motif_626,0.5477456988122222,65,7,split,False
"[0, 170]",1743755151.3672462,motif_833,0.06686050797193333,19,7,non-split,False
"[0, 171]",1743755151.3673909,motif_772,0.5425024681213932,39,7,non-split,False
"[0, 172]",1743755151.367533,motif_287,0.7954938732640284,50,5,split,False
"[0, 173]",1743755151.3676748,motif_380,0.4565998751337743,59,3,split,False
"[0, 174]",1743755151.367817,motif_720,0.8144836301670239,60,8,non-split,False
"[0, 175]",1743755151.367958,motif_480,0.9761100750880415,37,1,non-split,False
"[0, 176]",1743755151.3681018,motif_42,0.287007013146813,40,9,split,False
"[0, 177]",1743755151.368242,motif_758,0.37109390677683807,46,7,non-split,False
"[0, 178]",1743755151.368385,motif_159,0.5899756181944682,38,7,non-split,False
"[0, 179]",1743755151.3685288,motif_173,0.8320929175400933,20,0,split,False
"[0, 180]",1743755151.3686678,motif_726,0.6588236486304907,51,3,non-split,False
"[0, 181]",1743755151.368808,motif_44,0.3382079577827102,26,8,non-split,False
"[0, 182]",1743755151.368949,motif_478,0.6022441469630603,12,7,split,False
"[0, 183]",1743755151.369092,motif_630,0.8380117829571561,14,0,split,False
"[0, 184]",1743755151.369231,motif_829,0.3679633084278965,95,4,non-split,False
"[0, 185]",1743755151.3693702,motif_757,0.750016622298387,36,0,split,False
"[0, 186]",1743755151.369513,motif_814,0.5635609876797326,55,7,non-split,False
"[0, 187]",1743755151.369653,motif_172,0.9868826436907656,49,1,split,False
"[0, 188]",1743755151.369792,motif_756,0.15887752281289513,10,6,non-split,False
"[0, 189]",1743755151.369934,motif_330,0.009825432871662931,32,0,split,False
"[0, 190]",1743755151.370074,motif_298,0.5007067310788949,3,4,split,False
"[0, 191]",1743755151.370214,motif_851,0.8659447258216002,9,7,split,False
"[0, 192]",1743755151.370354,motif_402,0.08396146431031992,91,3,split,False
"[0, 193]",1743755151.370495,motif_210,0.7741048635928724,95,0,split,False
"[0, 226]",1743755151.370711,motif_439,0.8953807905172645,36,6,non-split,False
"[1, 12]",1743755151.370901,motif_816,0.805092087046315,45,6,non-split,False
"[1, 30]",1743755151.371128,motif_531,0.7600892722475672,53,0,non-split,False
"[1, 31]",1743755151.37127,motif_706,0.781008439007361,87,1,non-split,False
"[1, 32]",1743755151.37141,motif_127,0.6160813228855024,87,1,non-split,False
"[1, 33]",1743755151.3715682,motif_93,0.8086264080526895,20,5,split,False
"[1, 34]",1743755151.371734,motif_50,0.43206405630710176,14,4,non-split,False
"[1, 35]",1743755151.372075,motif_308,0.6075551917693665,51,7,non-split,False
"[1, 36]",1743755151.372226,motif_342,0.11049411260538533,50,6,split,False
"[1, 37]",1743755151.3723662,motif_125,0.7989403523481532,93,0,split,False
"[1, 38]",1743755151.372503,motif_347,0.2554081070993979,51,9,non-split,False
"[1, 39]",1743755151.372642,motif_160,0.6026590224585028,99,6,split,False
"[1, 40]",1743755151.372778,motif_855,0.687854649430146,14,0,non-split,False
"[1, 41]",1743755151.372916,motif_811,0.022765098142346618,38,8,non-split,False
"[1, 42]",1743755151.373052,motif_597,0.8229715566156377,92,4,non-split,False
"[1, 43]",1743755151.3732,motif_185,0.7527209292307244,9,5,split,False
"[1, 44]",1743755151.373336,motif_625,0.3490845537166498,2,6,split,False
"[1, 45]",1743755151.373475,motif_929,0.005484524679132963,62,0,non-split,False
"[1, 62]",1743755151.373648,motif_787,0.6111869132392725,28,0,non-split,False
"[1, 63]",1743755151.3737862,motif_49,0.44307564387575027,49,7,split,False
"[1, 64]",1743755151.373922,motif_800,0.6837965116105407,26,8,non-split,False
"[1, 65]",1743755151.374058,motif_448,0.06511591027869212,43,0,split,False
"[1, 66]",1743755151.374194,motif_969,0.4262627599374321,43,2,non-split,False
"[1, 67]",1743755151.374332,motif_668,0.7825504376364864,17,9,non-split,False
"[1, 68]",1743755151.374471,motif_638,0.8997090202840728,26,0,split,False
"[1, 69]",1743755151.374607,motif_27,0.24289050500944454,28,3,non-split,False
"[1, 70]",1743755151.3747451,motif_666,0.6914005412617633,1,7,non-split,False
"[1, 71]",1743755151.3748832,motif_48,0.6934299717073835,11,9,split,False
"[1, 72]",1743755151.375019,motif_864,0.5145902462082554,5,7,non-split,False
"[1, 73]",1743755151.375155,motif_515,0.4360426727543686,68,4,non-split,False
"[1, 74]",1743755151.375293,motif_16,0.07756329463209055,94,3,split,False
"[1, 75]",1743755151.375488,motif_180,0.5657141024392128,25,3,split,False
"[1, 76]",1743755151.375691,motif_430,0.8930606705230106,49,7,non-split,False
"[1, 77]",1743755151.376847,motif_370,0.33062914408778854,89,4,non-split,False
"[1, 79]",1743755151.377001,motif_484,0.5458063049665112,62,6,non-split,False
"[1, 80]",1743755151.3771431,motif_813,0.6535113440597106,68,7,split,False
"[1, 81]",1743755151.3772821,motif_99,0.7822547597962223,5,4,non-split,False
"[1, 82]",1743755151.3774211,motif_718,0.6627766144332226,88,6,split,False
"[1, 83]",1743755151.377561,motif_513,0.10742992979366206,49,2,split,False
"[1, 84]",1743755151.3776991,motif_5,0.4312140125568896,60,7,non-split,False
"[1, 85]",1743755151.377837,motif_221,0.3057806571171535,91,1,split,False
"[1, 86]",1743755151.377975,motif_106,0.2339415765328836,50,0,non-split,False
"[1, 87]",1743755151.3781152,motif_702,0.7364548199099494,84,1,non-split,False
"[1, 88]",1743755151.378253,motif_440,0.2920673310731735,29,7,split,False
"[1, 100]",1743755151.378415,motif_133,0.07857950242134715,28,2,split,False
"[1, 101]",1743755151.378556,motif_428,0.5930745754831762,5,6,split,False
"[1, 102]",1743755151.3786938,motif_137,0.4580782282632744,61,6,split,False
"[1, 103]",1743755151.3788319,motif_625,0.3916224299091978,6,1,split,False
"[1, 104]",1743755151.3789701,motif_810,0.14531800342580226,96,1,non-split,False
"[1, 105]",1743755151.3791108,motif_809,0.34473945908341586,53,6,non-split,False
"[1, 106]",1743755151.3792489,motif_940,0.7496953912074257,62,0,non-split,False
"[1, 107]",1743755151.3793862,motif_100,0.10790104069742024,87,5,split,False
"[1, 108]",1743755151.379524,motif_947,0.7677275692687786,67,6,split,False
"[1, 109]",1743755151.379661,motif_111,0.8699797135584715,59,1,non-split,False
"[1, 110]",1743755151.3797991,motif_363,0.6914054302646447,16,9,split,False
"[1, 111]",1743755151.379935,motif_523,0.5932791650281592,85,1,split,False
"[1, 112]",1743755151.3800719,motif_338,0.9296010159360106,98,1,non-split,False
"[1, 113]",1743755151.380212,motif_12,0.8483323389286812,38,6,split,False
"[1, 114]",1743755151.3803499,motif_890,0.7280370353648279,86,4,split,False
"[1, 115]",1743755151.3804858,motif_838,0.39395524011334015,70,3,split,False
"[1, 116]",1743755151.380626,motif_108,0.8526769071130733,52,8,non-split,False
"[1, 117]",1743755151.380764,motif_649,0.9189759452391937,28,6,non-split,False
"[1, 118]",1743755151.380901,motif_517,0.31370936392798154,95,9,non-split,False
"[1, 119]",1743755151.381037,motif_252,0.5630067067630523,34,8,split,False
"[1, 120]",1743755151.381175,motif_420,0.9431946152520806,78,3,split,False
"[1, 121]",1743755151.381314,motif_104,0.9294730916808064,19,8,non-split,False
"[1, 122]",1743755151.381451,motif_438,0.18700317640905761,66,0,non-split,False
"[1, 123]",1743755151.381587,motif_59,0.544754686766763,47,7,non-split,False
"[1, 124]",1743755151.381726,motif_688,0.9561084227977339,17,9,split,False
"[1, 125]",1743755151.381862,motif_725,0.8724382988192098,90,6,split,False
"[1, 126]",1743755151.382001,motif_665,0.6625054831809083,89,7,non-split,False
"[1, 127]",1743755151.382138,motif_598,0.08219018105293585,65,4,non-split,False
"[1, 128]",1743755151.382277,motif_904,0.9252186061730103,19,1,non-split,False
"[1, 129]",1743755151.382414,motif_209,0.4785727799378344,35,2,non-split,False
"[1, 130]",1743755151.38255,motif_683,0.16020160252575522,95,0,split,False
"[1, 131]",1743755151.382687,motif_477,0.4735203686972068,57,3,non-split,False
"[1, 132]",1743755151.382826,motif_871,0.7318270240128611,41,4,split,False
"[1, 133]",1743755151.382963,motif_36,0.039089215353581785,53,3,split,False
"[1, 134]",1743755151.383181,motif_823,0.6280524755850632,51,2,non-split,False
"[1, 135]",1743755151.383321,motif_310,0.5127337048625648,19,6,non-split,False
"[1, 136]",1743755151.3834722,motif_918,0.8695232655103345,5,3,non-split,False
"[1, 137]",1743755151.38361,motif_768,0.6843810442399159,19,9,non-split,False
"[1, 138]",1743755151.383747,motif_609,0.758549229125065,19,4,non-split,False
"[1, 139]",1743755151.383884,motif_236,0.686609477495135,45,9,split,False
"[1, 151]",1743755151.384047,motif_566,0.6839155236926976,65,3,split,False
"[1, 152]",1743755151.384183,motif_546,0.7847563948212216,63,8,split,False
"[1, 153]",1743755151.38432,motif_625,0.9245985257199577,62,3,non-split,False
"[1, 154]",1743755151.384458,motif_448,0.19891540433995036,9,6,split,False
"[1, 155]",1743755151.384595,motif_299,0.6556223522978434,66,0,split,False
"[1, 156]",1743755151.384734,motif_929,0.34218140676519426,56,8,split,False
"[1, 157]",1743755151.384873,motif_454,0.8787269750200817,70,6,non-split,False
"[1, 158]",1743755151.38501,motif_923,0.38245573027828983,77,4,split,False
"[1, 159]",1743755151.3851469,motif_558,0.19959293347190588,48,8,split,False
"[1, 160]",1743755151.385283,motif_696,0.6239359871720312,31,4,non-split,False
"[1, 162]",1743755151.385422,motif_273,0.20254430710102878,26,8,split,False
"[1, 163]",1743755151.385559,motif_167,0.4980149206190091,62,3,non-split,False
"[1, 164]",1743755151.385696,motif_552,0.2892573989357423,41,4,split,False
"[1, 165]",1743755151.385835,motif_497,0.41437807107275915,22,2,split,False
"[1, 166]",1743755151.385972,motif_521,0.6943458668616923,77,1,non-split,False
"[1, 167]",1743755151.386163,motif_747,0.8846838638673464,87,4,split,False
"[1, 168]",1743755151.386327,motif_361,0.20270598690678765,28,1,split,False
"[1, 169]",1743755151.386472,motif_333,0.36247932415967943,59,4,split,False
"[1, 170]",1743755151.386614,motif_256,0.07918684664170372,20,7,non-split,False
"[1, 171]",1743755151.386755,motif_226,0.7504522350746302,79,4,split,False
"[1, 172]",1743755151.386894,motif_42,0.7722066051824212,37,2,non-split,False
"[1, 173]",1743755151.38704,motif_738,0.18724334606938065,68,3,split,False
"[1, 174]",1743755151.387199,motif_166,0.40835440387611355,4,7,non-split,False
"[1, 175]",1743755151.387344,motif_840,0.15900682164467428,55,5,split,False
"[1, 176]",1743755151.387487,motif_580,0.337376637134706,88,0,non-split,False
"[1, 177]",1743755151.387771,motif_806,0.5246469442732445,43,3,non-split,False
"[1, 194]",1743755151.387976,motif_611,0.4059033025225631,55,4,split,False
"[1, 195]",1743755151.3881311,motif_915,0.7352844899769999,49,7,split,False
"[1, 196]",1743755151.388277,motif_631,0.45044941622152157,99,2,non-split,False
"[1, 197]",1743755151.38842,motif_192,0.034346641722659665,51,0,non-split,False
"[1, 198]",1743755151.388569,motif_491,0.5498604595838639,86,2,split,False
"[1, 199]",1743755151.388704,motif_18,0.36089403123137553,4,2,split,False
"[1, 200]",1743755151.3888378,motif_592,0.03368175015556629,79,9,non-split,False
"[1, 201]",1743755151.3889742,motif_551,0.7757892741098962,52,7,non-split,False
"[1, 202]",1743755151.389108,motif_713,0.24425859734658328,5,7,non-split,False
"[1, 203]",1743755151.389241,motif_723,0.8393650844343579,71,1,split,False
"[1, 204]",1743755151.3893728,motif_996,0.6624808492116671,65,2,split,False
"[1, 205]",1743755151.389507,motif_468,0.7302132032617497,7,2,split,False
"[1, 206]",1743755151.389646,motif_891,0.9638091799885231,63,4,split,False
"[1, 207]",1743755151.3897789,motif_393,0.9892224849338923,13,7,non-split,False
"[1, 208]",1743755151.3899121,motif_874,0.2929640167520968,72,7,split,False
"[1, 209]",1743755151.390048,motif_274,0.6253566499268245,38,0,split,False
"[1, 227]",1743755151.39022,motif_942,0.09839234257237806,17,0,non-split,False
"[2, 11]",1743755151.390392,motif_504,0.4004127465255356,61,8,non-split,False
"[2, 22]",1743755151.390544,motif_760,0.5924585364444118,31,2,split,False
"[2, 23]",1743755151.390676,motif_755,0.4858452347667147,61,2,split,False
"[2, 24]",1743755151.3908129,motif_620,0.6751991502048863,57,5,non-split,False
"[2, 25]",1743755151.390945,motif_605,0.9204852624014352,75,0,split,False
"[2, 26]",1743755151.391086,motif_899,0.2978828770059717,77,7,non-split,False
"[2, 27]",1743755151.391217,motif_583,0.75478838930989,64,4,non-split,False
"[2, 28]",1743755151.391346,motif_228,0.6459067369182407,71,5,non-split,False
"[2, 29]",1743755151.391479,motif_582,0.6713079807723901,48,2,split,False
"[2, 38]",1743755151.391626,motif_32,0.6299461087368483,33,4,non-split,False
"[2, 39]",1743755151.391757,motif_129,0.0853656878981578,86,3,non-split,False
"[2, 40]",1743755151.3918889,motif_166,0.9021024531618774,10,4,split,False
"[2, 41]",1743755151.39202,motif_844,0.4855299738714747,54,0,split,False
"[2, 42]",1743755151.392189,motif_848,0.27825509312639385,84,0,split,False
"[2, 43]",1743755151.392354,motif_14,0.04629843560681568,13,9,split,False
"[2, 44]",1743755151.3924859,motif_343,0.6527884327241611,41,6,non-split,False
"[2, 45]",1743755151.392617,motif_73,0.4641371434095857,59,9,split,False
"[2, 54]",1743755151.39278,motif_133,0.5742685927785655,21,7,split,False
"[2, 55]",1743755151.3930361,motif_5,0.06336279684389279,24,9,split,False
"[2, 56]",1743755151.393329,motif_595,0.38402272144847827,17,1,non-split,False
"[2, 57]",1743755151.3934789,motif_87,0.9671354517913732,54,9,non-split,False
"[2, 58]",1743755151.393616,motif_670,0.14033409313927403,70,3,non-split,False
"[2, 59]",1743755151.393748,motif_610,0.5894358945903954,31,9,split,False
"[2, 60]",1743755151.3938801,motif_971,0.23891103043707462,78,6,non-split,False
"[2, 61]",1743755151.39401,motif_556,0.527609485645823,24,9,non-split,False
"[2, 70]",1743755151.394165,motif_409,0.4991018405613693,84,4,split,False
"[2, 71]",1743755151.394295,motif_99,0.27224160952019927,34,0,non-split,False
"[2, 72]",1743755151.394437,motif_965,0.6805044002173678,26,7,non-split,False
"[2, 73]",1743755151.3945768,motif_833,0.6247151157850396,39,9,split,False
"[2, 74]",1743755151.3947132,motif_332,0.9621484391803808,85,2,non-split,False
"[2, 75]",1743755151.3948429,motif_920,0.5985325717944243,69,2,split,False
"[2, 76]",1743755151.394973,motif_445,0.8389301663480733,28,4,split,False
"[2, 77]",1743755151.3951051,motif_708,0.8173928028595876,42,1,split,False
"[2, 78]",1743755151.395236,motif_819,0.829278179672364,39,2,non-split,False
"[2, 80]",1743755151.395369,motif_319,0.7507485933671109,10,7,split,False
"[2, 81]",1743755151.395499,motif_890,0.18966784988071883,21,9,non-split,False
"[2, 82]",1743755151.395628,motif_348,0.39764496776814007,35,0,non-split,False
"[2, 83]",1743755151.395759,motif_982,0.4000493763290248,5,7,non-split,False
"[2, 84]",1743755151.3958888,motif_514,0.37121586757691427,31,0,split,False
"[2, 85]",1743755151.396018,motif_98,0.7376112570627923,17,0,non-split,False
"[2, 86]",1743755151.396149,motif_505,0.7369676229316872,85,3,split,False
"[2, 87]",1743755151.396279,motif_868,0.16577089608744455,71,5,non-split,False
"[2, 89]",1743755151.3964128,motif_721,0.870676918334253,8,5,non-split,False
"[2, 91]",1743755151.3965461,motif_843,0.08861727110416173,93,6,non-split,False
"[2, 92]",1743755151.396677,motif_987,0.7495292875807119,65,4,split,False
"[2, 93]",1743755151.396862,motif_551,0.5973392169613114,68,5,split,False
"[2, 94]",1743755151.396992,motif_153,0.7562928877750676,33,0,non-split,False
"[2, 95]",1743755151.397121,motif_526,0.7683723541884158,8,3,non-split,False
"[2, 96]",1743755151.3972511,motif_286,0.41418137271378785,45,8,split,False
"[2, 97]",1743755151.397381,motif_510,0.23740972093480261,78,3,split,False
"[2, 98]",1743755151.397511,motif_738,0.9532204333067354,85,7,split,False
"[2, 108]",1743755151.397666,motif_861,0.7686112729187274,62,0,split,False
"[2, 109]",1743755151.3978,motif_738,0.020433858627095236,73,7,split,False
"[2, 110]",1743755151.397931,motif_267,0.26076630007966384,59,0,split,False
"[2, 111]",1743755151.398061,motif_287,0.18111422377994046,39,7,split,False
"[2, 112]",1743755151.39819,motif_444,0.6938761000858898,72,0,non-split,False
"[2, 113]",1743755151.398329,motif_713,0.7245998279430886,33,5,split,False
"[2, 114]",1743755151.398464,motif_950,0.3554334369006249,22,6,non-split,False
"[2, 115]",1743755151.398597,motif_167,0.46628487359348625,99,6,non-split,False
"[2, 116]",1743755151.3987288,motif_288,0.27982170092726444,69,4,non-split,False
"[2, 117]",1743755151.398866,motif_341,0.8905687351369376,90,5,split,False
"[2, 118]",1743755151.399004,motif_744,0.5403148001906385,52,1,split,False
"[2, 119]",1743755151.399138,motif_55,0.7009740573598324,2,0,split,False
"[2, 120]",1743755151.3992682,motif_256,0.15244345266664605,71,1,non-split,False
"[2, 121]",1743755151.3994071,motif_455,0.013580931941815977,83,3,split,False
"[2, 122]",1743755151.399541,motif_941,0.6726439126724904,14,4,non-split,False
"[2, 123]",1743755151.3996959,motif_603,0.6758411665284427,47,4,non-split,False
"[2, 124]",1743755151.399838,motif_595,0.1397777668479765,54,8,split,False
"[2, 125]",1743755151.39998,motif_120,0.2311885834887366,22,5,split,False
"[2, 126]",1743755151.400121,motif_581,0.30433796482733855,69,7,split,False
"[2, 127]",1743755151.400251,motif_175,0.35555887815948906,11,0,non-split,False
"[2, 128]",1743755151.400383,motif_991,0.9757616989687622,70,6,split,False
"[2, 129]",1743755151.400515,motif_284,0.6571586244079493,19,5,split,False
"[2, 130]",1743755151.400645,motif_164,0.9585179107676693,84,6,split,False
"[2, 131]",1743755151.400776,motif_604,0.47039595724056904,82,7,split,False
"[2, 141]",1743755151.40094,motif_401,0.3438205145095561,88,4,non-split,False
"[2, 142]",1743755151.40107,motif_668,0.9885485540357923,83,0,split,False
"[2, 143]",1743755151.401206,motif_946,0.6353757791021172,87,5,non-split,False
"[2, 144]",1743755151.401342,motif_325,0.8545516137520661,90,5,split,False
"[2, 145]",1743755151.401473,motif_103,0.521123942467685,15,8,split,False
"[2, 146]",1743755151.401603,motif_695,0.5666733916191387,16,7,non-split,False
"[2, 147]",1743755151.4017332,motif_469,0.6537552361622018,74,0,non-split,False
"[2, 148]",1743755151.401866,motif_56,0.008773237557556435,2,1,split,False
"[2, 150]",1743755151.401999,motif_451,0.0018417253158483637,62,6,split,False
"[2, 152]",1743755151.4021308,motif_813,0.2810878617086756,23,0,non-split,False
"[2, 153]",1743755151.402263,motif_265,0.31764384963699044,50,5,split,False
"[2, 154]",1743755151.4023948,motif_322,0.7575026861036189,61,0,non-split,False
"[2, 155]",1743755151.402525,motif_126,0.10761536717520004,33,1,split,False
"[2, 156]",1743755151.402655,motif_821,0.18230944827620676,37,3,non-split,False
"[2, 157]",1743755151.402785,motif_361,0.06762125645854689,89,2,split,False
"[2, 158]",1743755151.4029162,motif_651,0.7487744116290211,34,8,non-split,False
"[2, 159]",1743755151.4030561,motif_155,0.6689681891041396,59,3,split,False
"[2, 161]",1743755151.4031968,motif_974,0.8901268066593693,18,0,non-split,False
"[2, 162]",1743755151.4034061,motif_274,0.5855360886550004,64,9,split,False
"[2, 163]",1743755151.403559,motif_869,0.1378624994392854,77,8,split,False
"[2, 164]",1743755151.403734,motif_652,0.8831255290058155,70,2,split,False
"[2, 165]",1743755151.403882,motif_285,0.2760994176360817,94,5,split,False
"[2, 166]",1743755151.404023,motif_434,0.8646329119692485,81,6,non-split,False
"[2, 167]",1743755151.404164,motif_830,0.8708022038610715,83,2,non-split,False
"[2, 168]",1743755151.404303,motif_219,0.25027828352714143,65,9,non-split,False
"[2, 169]",1743755151.404444,motif_418,0.9069424572478382,75,6,split,False
"[2, 178]",1743755151.404601,motif_0,0.5897269371657113,19,8,non-split,False
"[2, 179]",1743755151.404734,motif_535,0.15098934602018066,64,8,non-split,False
"[2, 180]",1743755151.404872,motif_30,0.3418976068202817,37,9,split,False
"[2, 181]",1743755151.405004,motif_899,0.3920092880085161,31,4,split,False
"[2, 182]",1743755151.4051352,motif_0,0.810855751479789,93,6,non-split,False
"[2, 183]",1743755151.40527,motif_321,0.4389731611481541,87,2,split,False
"[2, 184]",1743755151.405401,motif_345,0.5741434574074368,67,0,split,False
"[2, 185]",1743755151.405531,motif_677,0.35242747798573637,22,6,non-split,False
"[2, 194]",1743755151.4056802,motif_336,0.06145674373512411,67,7,non-split,False
"[2, 195]",1743755151.4058099,motif_42,0.5898373682978637,52,7,split,False
"[2, 196]",1743755151.4059432,motif_112,0.4380463325720645,1,0,non-split,False
"[2, 197]",1743755151.406074,motif_733,0.5676145256112782,61,3,non-split,False
"[2, 198]",1743755151.406206,motif_340,0.8062172206813177,1,2,split,False
"[2, 199]",1743755151.406337,motif_804,0.40646139661738245,56,7,split,False
"[2, 200]",1743755151.4064682,motif_66,0.8048141123232336,45,1,non-split,False
"[2, 201]",1743755151.4066062,motif_346,0.28516079850622755,13,2,non-split,False
"[2, 210]",1743755151.406755,motif_686,0.04488220932028586,34,8,non-split,False
"[2, 211]",1743755151.4068859,motif_664,0.2327882572975173,10,2,split,False
"[2, 212]",1743755151.407017,motif_236,0.6409953234491327,88,4,split,False
"[2, 213]",1743755151.4071481,motif_482,0.8506612929799731,32,3,split,False
"[2, 214]",1743755151.407279,motif_134,0.3400874850685762,62,5,non-split,False
"[2, 215]",1743755151.40741,motif_161,0.384259704416436,16,7,non-split,False
"[2, 216]",1743755151.40754,motif_545,0.037346583893152374,8,1,split,False
"[2, 217]",1743755151.407671,motif_8,0.10127575253482224,73,8,non-split,False
"[2, 228]",1743755151.407827,motif_927,0.05445305095976083,8,0,non-split,False
"[3, 10]",1743755151.4079921,motif_593,0.09266059009624561,95,4,non-split,False
"[3, 18]",1743755151.408135,motif_980,0.15421287179504306,86,4,non-split,False
"[3, 19]",1743755151.408266,motif_645,0.22185561079220428,57,2,split,False
"[3, 20]",1743755151.408395,motif_632,0.050750512766449374,61,5,split,False
"[3, 21]",1743755151.4085288,motif_293,0.7408689065060351,89,2,non-split,False
"[3, 26]",1743755151.4086678,motif_826,0.8144868125679509,72,9,split,False
"[3, 27]",1743755151.4089332,motif_546,0.7234844717627958,15,4,non-split,False
"[3, 28]",1743755151.4090729,motif_429,0.8916990779438283,22,4,non-split,False
"[3, 29]",1743755151.409205,motif_405,0.8642386722307588,96,2,non-split,False
"[3, 34]",1743755151.4093509,motif_324,0.026046765030933394,61,3,non-split,False
"[3, 35]",1743755151.409482,motif_282,0.37668953484351875,6,6,split,False
"[3, 36]",1743755151.409641,motif_344,0.22013801237450537,5,9,non-split,False
"[3, 37]",1743755151.409771,motif_547,0.7982975998819716,88,9,non-split,False
"[3, 42]",1743755151.40991,motif_198,0.6249797747191355,41,7,non-split,False
"[3, 43]",1743755151.4100428,motif_739,0.8658691623753765,42,1,split,False
"[3, 44]",1743755151.410173,motif_653,0.9263497754572089,37,3,split,False
"[3, 45]",1743755151.410302,motif_466,0.9506359825072855,52,9,split,False
"[3, 50]",1743755151.410451,motif_160,0.9692322848601931,33,0,non-split,False
"[3, 51]",1743755151.410583,motif_104,0.1473215978050254,60,7,non-split,False
"[3, 52]",1743755151.4107132,motif_782,0.27848779713102434,6,5,non-split,False
"[3, 53]",1743755151.4108422,motif_825,0.7821761748616318,27,1,non-split,False
"[3, 58]",1743755151.410998,motif_740,0.6276513834231251,17,4,non-split,False
"[3, 59]",1743755151.411134,motif_950,0.8054343525317549,6,3,split,False
"[3, 60]",1743755151.411274,motif_826,0.47922131617775154,87,3,non-split,False
"[3, 61]",1743755151.411407,motif_746,0.45796421719059865,77,0,split,False
"[3, 66]",1743755151.411547,motif_875,0.3207736382746206,8,4,split,False
"[3, 67]",1743755151.411677,motif_908,0.10371289102666692,20,6,non-split,False
"[3, 68]",1743755151.411807,motif_774,0.5051701080233361,46,2,split,False
"[3, 69]",1743755151.411937,motif_722,0.2280204803647483,30,3,split,False
"[3, 74]",1743755151.412079,motif_348,0.7182259356894835,58,6,non-split,False
"[3, 75]",1743755151.412211,motif_59,0.952693541144822,70,5,split,False
"[3, 76]",1743755151.4123409,motif_52,0.758001419515573,58,9,split,False
"[3, 77]",1743755151.412472,motif_528,0.3436309499732334,13,2,split,False
"[3, 78]",1743755151.412607,motif_460,0.1073163054537819,82,0,non-split,False
"[3, 79]",1743755151.412736,motif_971,0.6447950590470516,28,1,split,False
"[3, 81]",1743755151.412868,motif_186,0.6699307061289982,79,1,non-split,False
"[3, 82]",1743755151.412997,motif_64,0.04930923727706893,11,2,split,False
"[3, 83]",1743755151.413128,motif_624,0.5816983412799231,1,6,split,False
"[3, 84]",1743755151.413258,motif_714,0.7539686093875667,54,3,non-split,False
"[3, 85]",1743755151.413398,motif_298,0.2927675044027891,63,1,non-split,False
"[3, 86]",1743755151.413528,motif_911,0.7086441703905257,68,7,non-split,False
"[3, 88]",1743755151.413662,motif_953,0.1105283882861332,72,5,split,False
"[3, 89]",1743755151.413792,motif_734,0.565540348176555,42,6,split,False
"[3, 90]",1743755151.413921,motif_406,0.5938088863686926,80,1,split,False
"[3, 92]",1743755151.414054,motif_725,0.13870403626355288,33,5,split,False
"[3, 93]",1743755151.4141839,motif_586,0.09037048912355361,34,7,non-split,False
"[3, 94]",1743755151.414313,motif_386,0.613246066068566,47,0,split,False
"[3, 95]",1743755151.414443,motif_165,0.07731892240774108,94,6,split,False
"[3, 96]",1743755151.414581,motif_878,0.5745984797197747,77,9,non-split,False
"[3, 97]",1743755151.414712,motif_601,0.5956736454794531,25,5,non-split,False
"[3, 99]",1743755151.4148438,motif_618,0.9144371463863484,63,2,split,False
"[3, 101]",1743755151.414976,motif_238,0.40701134816808093,93,4,non-split,False
"[3, 102]",1743755151.415107,motif_447,0.3367618473923679,90,8,split,False
"[3, 103]",1743755151.4152372,motif_188,0.3171891477896511,30,7,non-split,False
"[3, 104]",1743755151.415366,motif_351,0.7467114718213669,78,8,split,False
"[3, 105]",1743755151.4154959,motif_340,0.18712919106286297,74,2,split,False
"[3, 106]",1743755151.4156291,motif_197,0.299095579719057,37,7,split,False
"[3, 114]",1743755151.4157739,motif_571,0.772929613502889,77,8,non-split,False
"[3, 115]",1743755151.415957,motif_136,0.11454701322996974,28,2,non-split,False
"[3, 116]",1743755151.4160872,motif_173,0.1611208982596375,57,6,split,False
"[3, 117]",1743755151.416224,motif_570,0.5405079200116867,72,0,non-split,False
"[3, 118]",1743755151.416356,motif_574,0.891797029973886,12,7,split,False
"[3, 119]",1743755151.4164941,motif_954,0.6620457497077973,35,8,split,False
"[3, 120]",1743755151.4166322,motif_406,0.44971672286115727,7,4,non-split,False
"[3, 121]",1743755151.416766,motif_470,0.0025571457857735957,95,1,split,False
"[3, 122]",1743755151.416896,motif_224,0.1780033125129723,26,8,split,False
"[3, 123]",1743755151.417025,motif_137,0.7410188683603679,61,1,non-split,False
"[3, 124]",1743755151.4171672,motif_34,0.3041920812301865,38,1,split,False
"[3, 125]",1743755151.417297,motif_101,0.06129815653191395,93,8,split,False
"[3, 133]",1743755151.417442,motif_791,0.43289291532314167,18,9,split,False
"[3, 134]",1743755151.417571,motif_657,0.08269656647663137,36,5,split,False
"[3, 135]",1743755151.417706,motif_231,0.15666420019543026,51,5,non-split,False
"[3, 136]",1743755151.417835,motif_706,0.07042829918087379,61,1,non-split,False
"[3, 137]",1743755151.4179652,motif_548,0.5512551695590343,94,4,non-split,False
"[3, 138]",1743755151.418096,motif_163,0.82247759164566,42,8,non-split,False
"[3, 140]",1743755151.418241,motif_380,0.6504646827773177,27,1,split,False
"[3, 142]",1743755151.418373,motif_595,0.5604140673236451,83,4,non-split,False
"[3, 143]",1743755151.4185028,motif_910,0.39679477662891294,29,1,non-split,False
"[3, 144]",1743755151.418634,motif_942,0.2303530522053463,36,7,split,False
"[3, 145]",1743755151.418769,motif_140,0.80267253389167,87,0,split,False
"[3, 146]",1743755151.418899,motif_996,0.6631980276476019,3,1,non-split,False
"[3, 147]",1743755151.419038,motif_873,0.5356862940704782,23,9,non-split,False
"[3, 149]",1743755151.419177,motif_138,0.8604409653917731,19,7,split,False
"[3, 150]",1743755151.4193149,motif_376,0.38784987176213237,6,7,split,False
"[3, 151]",1743755151.419499,motif_808,0.8951492832291498,52,9,split,False
"[3, 153]",1743755151.419638,motif_235,0.1603547608083843,93,0,non-split,False
"[3, 154]",1743755151.4197729,motif_97,0.39835911426988757,2,6,split,False
"[3, 155]",1743755151.41992,motif_599,0.11934711175732904,50,4,split,False
"[3, 156]",1743755151.4201071,motif_763,0.7232127455032192,57,8,non-split,False
"[3, 157]",1743755151.420251,motif_866,0.9204125688978426,44,2,split,False
"[3, 158]",1743755151.4203851,motif_138,0.6287493137283121,10,8,non-split,False
"[3, 160]",1743755151.4205241,motif_966,0.44921921178557755,96,8,non-split,False
"[3, 161]",1743755151.420655,motif_882,0.004994616565026755,94,0,split,False
"[3, 162]",1743755151.420785,motif_570,0.8004856447659761,82,0,split,False
"[3, 163]",1743755151.420916,motif_267,0.6466427377223299,26,3,non-split,False
"[3, 164]",1743755151.421049,motif_520,0.5934387280932725,66,9,non-split,False
"[3, 165]",1743755151.42118,motif_450,0.8402284701939498,23,0,non-split,False
"[3, 170]",1743755151.421319,motif_890,0.9605266127727222,67,5,split,False
"[3, 171]",1743755151.421451,motif_645,0.5788845937296594,38,5,non-split,False
"[3, 172]",1743755151.421582,motif_468,0.6122533752106458,87,7,split,False
"[3, 173]",1743755151.4217129,motif_959,0.2994628872733728,76,5,non-split,False
"[3, 178]",1743755151.421856,motif_514,0.8032681709974465,8,9,split,False
"[3, 179]",1743755151.421988,motif_453,0.9234595871590705,98,5,non-split,False
"[3, 180]",1743755151.4221299,motif_183,0.48230809445129486,89,4,split,False
"[3, 181]",1743755151.422266,motif_986,0.2120015316465177,32,5,non-split,False
"[3, 186]",1743755151.4224188,motif_841,0.7739807207659314,52,0,split,False
"[3, 187]",1743755151.422553,motif_724,0.945141630593871,85,9,split,False
"[3, 188]",1743755151.422676,motif_275,0.3130553516723902,58,3,split,False
"[3, 189]",1743755151.422802,motif_804,0.9590356879290443,65,8,non-split,False
"[3, 194]",1743755151.422952,motif_233,0.6350505939092239,67,6,non-split,False
"[3, 195]",1743755151.423077,motif_791,0.7472880555003368,32,2,split,False
"[3, 196]",1743755151.4232378,motif_141,0.0680128365682332,28,3,non-split,False
"[3, 197]",1743755151.423362,motif_399,0.9871002542317671,54,2,non-split,False
"[3, 202]",1743755151.423498,motif_590,0.7280728006740288,54,5,non-split,False
"[3, 203]",1743755151.4236228,motif_86,0.5184985680269676,83,4,split,False
"[3, 204]",1743755151.423747,motif_691,0.6913547992666964,56,2,split,False
"[3, 205]",1743755151.423871,motif_334,0.5406696322587056,64,9,non-split,False
"[3, 210]",1743755151.424006,motif_175,0.9889246420894002,63,4,non-split,False
"[3, 211]",1743755151.4241338,motif_509,0.30016114971198093,3,6,non-split,False
"[3, 212]",1743755151.4242592,motif_22,0.9415720615211921,63,2,non-split,False
"[3, 213]",1743755151.424383,motif_11,0.8403114845435632,56,0,split,False
"[3, 218]",1743755151.424522,motif_282,0.26910619499679234,48,5,split,False
"[3, 219]",1743755151.424646,motif_568,0.20368205289380492,3,2,non-split,False
"[3, 220]",1743755151.42477,motif_7,0.9754674574278511,84,9,split,False
"[3, 221]",1743755151.4248939,motif_378,0.2639379228739799,64,5,non-split,False
"[3, 229]",1743755151.425034,motif_638,0.8569653463575947,40,3,non-split,False
"[4, 9]",1743755151.425188,motif_81,0.8741822267496019,31,6,split,False
"[4, 16]",1743755151.425327,motif_494,0.7933236174044319,92,3,non-split,False
"[4, 17]",1743755151.425508,motif_235,0.06815688963783229,72,2,non-split,False
"[4, 20]",1743755151.425668,motif_79,0.1724644978675024,3,3,split,False
"[4, 21]",1743755151.425799,motif_879,0.6424041154682705,53,0,split,False
"[4, 24]",1743755151.425932,motif_165,0.9789683140089688,79,6,non-split,False
"[4, 25]",1743755151.4260612,motif_498,0.9457893487029154,38,4,non-split,False
"[4, 28]",1743755151.426233,motif_227,0.10082559914968159,63,5,split,False
"[4, 29]",1743755151.4263601,motif_118,0.4441710331195644,77,4,split,False
"[4, 32]",1743755151.426526,motif_625,0.564623007245703,12,9,split,False
"[4, 33]",1743755151.42666,motif_299,0.9115950344527303,29,8,non-split,False
"[4, 36]",1743755151.4267929,motif_690,0.24276639477405249,25,5,split,False
"[4, 37]",1743755151.4269152,motif_812,0.8194399944525045,20,8,split,False
"[4, 40]",1743755151.42704,motif_455,0.6282101679143544,99,6,non-split,False
"[4, 41]",1743755151.427163,motif_687,0.8029745748085287,47,5,non-split,False
"[4, 44]",1743755151.427288,motif_625,0.2576347097194086,54,5,split,False
"[4, 45]",1743755151.427409,motif_504,0.1576465144182959,16,5,non-split,False
"[4, 48]",1743755151.427538,motif_474,0.11224175983422091,12,3,non-split,False
"[4, 49]",1743755151.4276621,motif_694,0.4210484787050063,3,1,split,False
"[4, 52]",1743755151.427788,motif_833,0.47685242565870334,4,6,split,False
"[4, 53]",1743755151.4279099,motif_240,0.14606263418083631,63,5,non-split,False
"[4, 56]",1743755151.4280362,motif_64,0.020057243098094757,6,0,split,False
"[4, 57]",1743755151.428158,motif_937,0.911749558552697,51,2,split,False
"[4, 60]",1743755151.428284,motif_750,0.03949008226572004,51,1,non-split,False
"[4, 61]",1743755151.428406,motif_115,0.4703330928038977,2,3,split,False
"[4, 64]",1743755151.428544,motif_18,0.1927196176083752,59,2,non-split,False
"[4, 65]",1743755151.4286668,motif_325,0.7407042480944649,24,4,split,False
"[4, 68]",1743755151.428792,motif_968,0.3303095343049408,32,0,split,False
"[4, 69]",1743755151.4289138,motif_291,0.5624575741876336,94,7,split,False
"[4, 72]",1743755151.429048,motif_861,0.9391361924381374,35,5,split,False
"[4, 73]",1743755151.429184,motif_631,0.6465104671075432,18,6,non-split,False
"[4, 76]",1743755151.429336,motif_279,0.4725988890718501,63,0,split,False
"[4, 77]",1743755151.429482,motif_583,0.4210888293391135,29,0,non-split,False
"[4, 78]",1743755151.4296188,motif_792,0.18031669139323914,50,5,split,False
"[4, 79]",1743755151.429753,motif_148,0.5660420079214428,49,1,non-split,False
"[4, 80]",1743755151.429889,motif_450,0.8694666950264248,10,2,split,False
"[4, 82]",1743755151.430027,motif_596,0.42314813754031877,99,2,non-split,False
"[4, 83]",1743755151.430162,motif_439,0.8698001134246489,7,3,split,False
"[4, 84]",1743755151.4302971,motif_399,0.45974252688012984,92,6,split,False
"[4, 85]",1743755151.430429,motif_358,0.1462094694186591,37,8,non-split,False
"[4, 87]",1743755151.4305658,motif_125,0.8186014400544105,42,8,non-split,False
"[4, 88]",1743755151.4307,motif_50,0.6361226565943924,30,9,split,False
"[4, 89]",1743755151.4308329,motif_492,0.6066575703257232,57,4,non-split,False
"[4, 90]",1743755151.4309828,motif_55,0.6701829700162379,96,6,non-split,False
"[4, 91]",1743755151.431123,motif_290,0.20106131839684405,46,2,non-split,False
"[4, 93]",1743755151.431259,motif_534,0.4294893233848648,14,4,non-split,False
"[4, 94]",1743755151.431392,motif_667,0.11189290537114738,91,4,non-split,False
"[4, 95]",1743755151.4315252,motif_176,0.64758237513292,21,5,split,False
"[4, 96]",1743755151.4316611,motif_846,0.529152978286779,65,8,non-split,False
"[4, 98]",1743755151.431797,motif_583,0.9970435046163595,67,2,split,False
"[4, 99]",1743755151.43193,motif_443,0.07682033572079516,94,5,non-split,False
"[4, 100]",1743755151.432062,motif_350,0.5988837389592683,40,7,non-split,False
"[4, 102]",1743755151.4321961,motif_156,0.7423832656728715,28,8,split,False
"[4, 103]",1743755151.432328,motif_421,0.8340438461584447,94,8,split,False
"[4, 104]",1743755151.432456,motif_655,0.43578305885521806,15,1,split,False
"[4, 105]",1743755151.43259,motif_658,0.0991347235794593,15,6,split,False
"[4, 107]",1743755151.432727,motif_868,0.06203874229231221,88,9,non-split,False
"[4, 109]",1743755151.432862,motif_948,0.9454191026725143,80,0,non-split,False
"[4, 110]",1743755151.4330251,motif_21,0.7569889372262047,75,2,non-split,False
"[4, 111]",1743755151.433176,motif_831,0.6576287655652809,6,3,non-split,False
"[4, 112]",1743755151.433312,motif_389,0.4137554508509034,54,9,non-split,False
"[4, 118]",1743755151.433457,motif_493,0.5846006265454384,96,9,split,False
"[4, 119]",1743755151.433592,motif_710,0.9447043336280201,36,6,non-split,False
"[4, 120]",1743755151.4337301,motif_474,0.4360678011042486,90,8,split,False
"[4, 121]",1743755151.4338639,motif_815,0.8780211161449254,80,8,non-split,False
"[4, 127]",1743755151.434009,motif_305,0.3869810319803043,21,5,split,False
"[4, 128]",1743755151.434143,motif_136,0.07183979278710628,61,1,split,False
"[4, 129]",1743755151.43428,motif_327,0.7890259893542622,57,9,non-split,False
"[4, 130]",1743755151.434417,motif_1,0.9334975131052641,99,0,non-split,False
"[4, 132]",1743755151.434552,motif_380,0.46543019786002837,29,8,non-split,False
"[4, 134]",1743755151.434689,motif_631,0.3434077386876454,71,2,non-split,False
"[4, 135]",1743755151.434902,motif_291,0.5786971267171444,78,5,split,False
"[4, 136]",1743755151.435046,motif_616,0.6817635534884753,58,4,non-split,False
"[4, 137]",1743755151.435262,motif_942,0.6080238527068693,71,3,non-split,False
"[4, 139]",1743755151.4354692,motif_285,0.38148565789448263,31,0,split,False
"[4, 140]",1743755151.4356601,motif_617,0.17754243699696126,90,5,split,False
"[4, 141]",1743755151.435906,motif_219,0.14661484209829612,16,0,split,False
"[4, 143]",1743755151.436047,motif_118,0.05070093068121828,6,9,split,False
"[4, 144]",1743755151.436197,motif_179,0.47035561820261274,33,8,non-split,False
"[4, 145]",1743755151.436325,motif_302,0.956041185253163,27,2,non-split,False
"[4, 146]",1743755151.436449,motif_143,0.4789970199358402,25,8,non-split,False
"[4, 148]",1743755151.436576,motif_974,0.9806440676594228,84,6,split,False
"[4, 149]",1743755151.436702,motif_99,0.7140269203596866,64,9,split,False
"[4, 150]",1743755151.436828,motif_420,0.1031316048115466,19,0,split,False
"[4, 151]",1743755151.436951,motif_43,0.34690160940240067,60,9,non-split,False
"[4, 152]",1743755151.437077,motif_722,0.7713599652667026,55,8,split,False
"[4, 154]",1743755151.437206,motif_246,0.9387287467438671,68,8,non-split,False
"[4, 155]",1743755151.437351,motif_791,0.9908055010203316,63,2,non-split,False
"[4, 156]",1743755151.437473,motif_57,0.28404079764028145,28,2,non-split,False
"[4, 157]",1743755151.437649,motif_908,0.9439570875512693,46,6,split,False
"[4, 159]",1743755151.4377952,motif_22,0.5291003825447756,43,8,non-split,False
"[4, 160]",1743755151.437942,motif_130,0.6699727617805856,94,1,split,False
"[4, 161]",1743755151.438085,motif_124,0.241951427541659,62,8,split,False
"[4, 162]",1743755151.4382348,motif_159,0.674015518625838,1,5,split,False
"[4, 163]",1743755151.4383638,motif_686,0.10521018806608795,1,9,non-split,False
"[4, 166]",1743755151.4384918,motif_861,0.7353524198284472,48,4,split,False
"[4, 167]",1743755151.438616,motif_724,0.7962488374225175,12,1,non-split,False
"[4, 170]",1743755151.4387488,motif_117,0.2700459338457759,64,3,split,False
"[4, 171]",1743755151.438873,motif_800,0.5596001967545489,97,7,non-split,False
"[4, 174]",1743755151.439011,motif_47,0.13137200769249047,69,4,non-split,False
"[4, 175]",1743755151.439137,motif_444,0.3481746628130372,76,1,non-split,False
"[4, 178]",1743755151.439264,motif_770,0.46444526770398153,76,9,split,False
"[4, 179]",1743755151.4393868,motif_973,0.8460471178090558,77,6,non-split,False
"[4, 182]",1743755151.4395149,motif_301,0.6208310546329978,45,5,split,False
"[4, 183]",1743755151.439637,motif_522,0.4886612258239347,29,8,split,False
"[4, 186]",1743755151.4397671,motif_572,0.264072844245276,99,5,split,False
"[4, 187]",1743755151.439892,motif_230,0.15159832689161412,85,9,split,False
"[4, 190]",1743755151.440021,motif_447,0.5158301686779191,17,2,non-split,False
"[4, 191]",1743755151.4401438,motif_273,0.7735131125908558,77,9,non-split,False
"[4, 194]",1743755151.4402728,motif_865,0.6559843698025601,38,9,split,False
"[4, 195]",1743755151.440395,motif_376,0.6678664541673801,26,6,split,False
"[4, 198]",1743755151.440523,motif_792,0.46296421678597344,34,2,non-split,False
"[4, 199]",1743755151.440646,motif_504,0.5880812675584329,1,2,split,False
"[4, 202]",1743755151.4407759,motif_907,0.32620238746631847,87,7,split,False
"[4, 203]",1743755151.4408991,motif_411,0.6560042983239752,87,5,split,False
"[4, 206]",1743755151.4410272,motif_838,0.35856044434366685,28,2,non-split,False
"[4, 207]",1743755151.441153,motif_8,0.8416139038494467,67,9,split,False
"[4, 210]",1743755151.4412968,motif_456,0.4071705998813998,14,7,split,False
"[4, 211]",1743755151.441441,motif_708,0.9981937506259688,36,6,non-split,False
"[4, 214]",1743755151.44157,motif_996,0.9133748614817675,80,1,non-split,False
"[4, 215]",1743755151.4417012,motif_401,0.6710849388145652,69,8,non-split,False
"[4, 218]",1743755151.4418318,motif_100,0.04992836572506543,38,4,split,False
"[4, 219]",1743755151.441955,motif_367,0.1386592271195205,65,8,non-split,False
"[4, 222]",1743755151.442111,motif_99,0.13618834626400578,67,1,split,False
"[4, 223]",1743755151.442276,motif_353,0.4675163997734546,19,1,split,False
"[4, 230]",1743755151.4424179,motif_474,0.49698288599604423,99,9,split,False
"[5, 8]",1743755151.442563,motif_466,0.19560980457841093,43,4,split,False
"[5, 15]",1743755151.442698,motif_326,0.8801344389892684,95,1,non-split,False
"[5, 17]",1743755151.44285,motif_831,0.5244162225132892,13,9,non-split,False
"[5, 19]",1743755151.4429781,motif_546,0.1678411594897602,71,7,split,False
"[5, 21]",1743755151.4431071,motif_355,0.17039195662571593,64,4,split,False
"[5, 23]",1743755151.4432309,motif_808,0.6471949985607367,71,9,split,False
"[5, 25]",1743755151.44336,motif_974,0.03644974092437492,66,2,non-split,False
"[5, 27]",1743755151.4434829,motif_649,0.264287332136398,48,0,split,False
"[5, 29]",1743755151.443608,motif_3,0.8015092820855769,1,3,split,False
"[5, 31]",1743755151.443732,motif_858,0.5960028635550446,32,7,split,False
"[5, 33]",1743755151.4438558,motif_984,0.5803820453976158,30,0,split,False
"[5, 35]",1743755151.44398,motif_784,0.1282472066548781,66,7,split,False
"[5, 37]",1743755151.444107,motif_310,0.09563960458909093,40,6,split,False
"[5, 39]",1743755151.444237,motif_931,0.6589931174979127,36,9,non-split,False
"[5, 41]",1743755151.444365,motif_217,0.6198316638800127,86,3,split,False
"[5, 43]",1743755151.444488,motif_631,0.2399066538424619,1,4,split,False
"[5, 45]",1743755151.444611,motif_136,0.3049413324670551,61,7,non-split,False
"[5, 47]",1743755151.4447339,motif_48,0.04835841225605164,97,8,non-split,False
"[5, 49]",1743755151.444863,motif_421,0.35711248870032697,37,3,non-split,False
"[5, 51]",1743755151.4449852,motif_824,0.5185362914190108,71,5,non-split,False
"[5, 53]",1743755151.445108,motif_798,0.13880118731683633,19,1,split,False
"[5, 55]",1743755151.4452322,motif_865,0.5769409504765545,66,6,non-split,False
"[5, 57]",1743755151.445359,motif_787,0.7830804452942931,52,6,non-split,False
"[5, 59]",1743755151.445487,motif_630,0.38954920532253223,44,2,non-split,False
"[5, 61]",1743755151.44561,motif_998,0.45763471294541225,12,2,non-split,False
"[5, 63]",1743755151.4457338,motif_978,0.4628837109738443,97,1,split,False
"[5, 65]",1743755151.445857,motif_266,0.4371193831371257,23,6,split,False
"[5, 67]",1743755151.4459798,motif_294,0.7514673310295739,92,8,split,False
"[5, 69]",1743755151.446141,motif_718,0.876448941374541,57,2,split,False
"[5, 71]",1743755151.44629,motif_616,0.9957802657970882,78,0,split,False
"[5, 73]",1743755151.446414,motif_961,0.6438060980647397,36,8,non-split,False
"[5, 75]",1743755151.446541,motif_563,0.06210572643135914,51,4,non-split,False
"[5, 77]",1743755151.446671,motif_247,0.6739499769440365,76,5,split,False
"[5, 78]",1743755151.446794,motif_647,0.34802630377016863,88,0,split,False
"[5, 79]",1743755151.4469178,motif_421,0.8390824808880061,55,3,split,False
"[5, 80]",1743755151.447038,motif_225,0.3507613600442818,91,7,non-split,False
"[5, 81]",1743755151.44716,motif_684,0.17162368731347188,19,5,split,False
"[5, 83]",1743755151.447285,motif_727,0.6370392111599514,19,4,split,False
"[5, 84]",1743755151.447405,motif_578,0.7929462300085559,58,7,non-split,False
"[5, 86]",1743755151.447537,motif_158,0.8961720796307527,49,5,split,False
"[5, 87]",1743755151.447665,motif_74,0.829177199112362,63,0,non-split,False
"[5, 88]",1743755151.447788,motif_831,0.17672390893850365,41,1,split,False
"[5, 89]",1743755151.447909,motif_941,0.6514234136427797,46,7,split,False
"[5, 90]",1743755151.448043,motif_691,0.8275005005528342,47,4,non-split,False
"[5, 91]",1743755151.448166,motif_794,0.743692439028948,51,9,split,False
"[5, 92]",1743755151.448288,motif_124,0.44644301213454607,91,2,split,False
"[5, 94]",1743755151.448413,motif_663,0.04430713652443896,79,1,non-split,False
"[5, 95]",1743755151.448535,motif_950,0.9617222223143842,73,6,non-split,False
"[5, 97]",1743755151.448663,motif_988,0.751713474789759,5,5,split,False
"[5, 98]",1743755151.448786,motif_466,0.012344434278330207,85,4,split,False
"[5, 99]",1743755151.44891,motif_76,0.9714031770200472,27,2,non-split,False
"[5, 100]",1743755151.449034,motif_303,0.9820542675529741,61,3,split,False
"[5, 101]",1743755151.449159,motif_941,0.8264617276111493,11,7,split,False
"[5, 103]",1743755151.449286,motif_189,0.5225335497252699,18,7,non-split,False
"[5, 104]",1743755151.44941,motif_846,0.03792303567455724,68,0,split,False
"[5, 106]",1743755151.449537,motif_580,0.7757597706436893,42,0,split,False
"[5, 107]",1743755151.449661,motif_481,0.5324823178028639,16,4,non-split,False
"[5, 108]",1743755151.449783,motif_569,0.6382091839608458,51,4,non-split,False
"[5, 110]",1743755151.4499068,motif_157,0.05200721612461767,48,3,split,False
"[5, 111]",1743755151.4500322,motif_184,0.8366131798008836,18,8,non-split,False
"[5, 113]",1743755151.45016,motif_713,0.43938672757702846,78,6,non-split,False
"[5, 115]",1743755151.450285,motif_780,0.35175558446967325,55,3,split,False
"[5, 116]",1743755151.450408,motif_413,0.8236193166058657,62,2,non-split,False
"[5, 123]",1743755151.450546,motif_794,0.3515829705157687,52,9,non-split,False
"[5, 124]",1743755151.4506712,motif_909,0.7673697825472706,27,3,non-split,False
"[5, 126]",1743755151.4507961,motif_360,0.5968527836628782,60,0,split,False
"[5, 128]",1743755151.450922,motif_59,0.5969085853121433,27,4,split,False
"[5, 129]",1743755151.451046,motif_561,0.9910075181899975,83,2,non-split,False
"[5, 131]",1743755151.451172,motif_395,0.2310551529456113,33,1,non-split,False
"[5, 132]",1743755151.451308,motif_217,0.7382452722601552,77,0,non-split,False
"[5, 133]",1743755151.4514391,motif_403,0.6690299283749368,71,3,non-split,False
"[5, 135]",1743755151.4515681,motif_389,0.11687511032775866,81,6,non-split,False
"[5, 136]",1743755151.451693,motif_467,0.5245201689949317,22,2,non-split,False
"[5, 138]",1743755151.451818,motif_40,0.7482230141336733,65,9,non-split,False
"[5, 139]",1743755151.45196,motif_908,0.1736743568989102,12,1,split,False
"[5, 140]",1743755151.4521039,motif_433,0.6829290372319327,62,8,non-split,False
"[5, 141]",1743755151.452234,motif_867,0.5272622686996743,31,1,split,False
"[5, 142]",1743755151.452372,motif_380,0.3631746727466255,44,7,non-split,False
"[5, 144]",1743755151.452514,motif_282,0.3917964903404162,31,2,split,False
"[5, 145]",1743755151.452645,motif_836,0.9828697315172515,85,7,split,False
"[5, 147]",1743755151.452776,motif_268,0.29511668020043524,57,9,non-split,False
"[5, 148]",1743755151.4529269,motif_591,0.6145114212580982,23,1,non-split,False
"[5, 149]",1743755151.453064,motif_940,0.1588524258317231,27,3,split,False
"[5, 150]",1743755151.4531882,motif_370,0.8742355151782678,72,8,non-split,False
"[5, 151]",1743755151.453377,motif_455,0.9690063236796949,60,7,non-split,False
"[5, 152]",1743755151.4534988,motif_751,0.1905187340399802,47,1,non-split,False
"[5, 153]",1743755151.453634,motif_262,0.9218406847546444,29,0,non-split,False
"[5, 155]",1743755151.45377,motif_699,0.4053691167246257,87,0,non-split,False
"[5, 156]",1743755151.453919,motif_851,0.010829725278761138,74,1,non-split,False
"[5, 158]",1743755151.454051,motif_71,0.8699491893967785,57,4,non-split,False
"[5, 159]",1743755151.454174,motif_186,0.3268695180983352,26,9,non-split,False
"[5, 160]",1743755151.454296,motif_510,0.24394106175025698,66,3,non-split,False
"[5, 161]",1743755151.4544268,motif_0,0.2933336624796242,4,4,non-split,False
"[5, 162]",1743755151.454549,motif_15,0.14650974304074227,49,0,non-split,False
"[5, 164]",1743755151.454674,motif_70,0.7277223159994015,52,4,split,False
"[5, 166]",1743755151.4548,motif_618,0.1899409402243114,13,2,non-split,False
"[5, 168]",1743755151.4549272,motif_409,0.7830150683531146,42,0,non-split,False
"[5, 170]",1743755151.455054,motif_210,0.43699974936703956,35,5,non-split,False
"[5, 172]",1743755151.455182,motif_471,0.03731036130119236,78,2,split,False
"[5, 174]",1743755151.45531,motif_830,0.30818837786406195,60,8,non-split,False
"[5, 176]",1743755151.4554381,motif_306,0.2588310774953526,16,9,split,False
"[5, 178]",1743755151.4555662,motif_617,0.4831311335826911,65,1,split,False
"[5, 180]",1743755151.4556952,motif_752,0.49120956531945514,64,8,non-split,False
"[5, 182]",1743755151.455829,motif_762,0.17877713972407439,70,3,split,False
"[5, 184]",1743755151.4559622,motif_47,0.7257169386994187,56,0,non-split,False
"[5, 186]",1743755151.456095,motif_340,0.47333976005841794,76,3,split,False
"[5, 188]",1743755151.456228,motif_42,0.5529407935828952,23,5,split,False
"[5, 190]",1743755151.456359,motif_496,0.6190117380742186,20,5,non-split,False
"[5, 192]",1743755151.456491,motif_669,0.22329557789700338,67,2,split,False
"[5, 194]",1743755151.456623,motif_145,0.1655709489059498,29,7,split,False
"[5, 196]",1743755151.456754,motif_463,0.33433749200941854,69,2,non-split,False
"[5, 198]",1743755151.456918,motif_409,0.7416241952611675,93,5,split,False
"[5, 200]",1743755151.457053,motif_328,0.753990831536876,76,9,split,False
"[5, 202]",1743755151.457194,motif_380,0.05762449893324306,84,1,split,False
"[5, 204]",1743755151.457333,motif_798,0.3632727756120039,74,7,non-split,False
"[5, 206]",1743755151.457464,motif_421,0.439395062702744,59,2,split,False
"[5, 208]",1743755151.4575958,motif_770,0.298948361220275,11,0,split,False
"[5, 210]",1743755151.45774,motif_4,0.23679794987182834,49,1,split,False
"[5, 212]",1743755151.457872,motif_923,0.030468646662082155,81,7,non-split,False
"[5, 214]",1743755151.458003,motif_28,0.10046841506194171,99,0,non-split,False
"[5, 216]",1743755151.4581351,motif_343,0.8512086765255604,18,3,split,False
"[5, 218]",1743755151.4582698,motif_345,0.7366183015038207,71,2,split,False
"[5, 220]",1743755151.458409,motif_577,0.5405284732574243,97,4,split,False
"[5, 222]",1743755151.458555,motif_644,0.1752280425413233,30,6,non-split,False
"[5, 224]",1743755151.458698,motif_804,0.1871837943569974,5,2,split,False
"[5, 231]",1743755151.458921,motif_440,0.5683149767135502,71,3,split,False
"[6, 7]",1743755151.459071,motif_354,0.7954471005681389,48,9,non-split,False
"[6, 15]",1743755151.459218,motif_687,0.6955882858388951,80,4,split,False
"[6, 16]",1743755151.4593542,motif_450,0.6465652428785296,53,1,split,False
"[6, 18]",1743755151.4594991,motif_571,0.18325367558461203,38,1,split,False
"[6, 21]",1743755151.459651,motif_242,0.9277828950944068,42,9,split,False
"[6, 22]",1743755151.459787,motif_364,0.1114235681722695,97,4,non-split,False
"[6, 25]",1743755151.4599261,motif_241,0.7722505741958905,68,0,non-split,False
"[6, 27]",1743755151.4600608,motif_789,0.3805146173668823,62,3,split,False
"[6, 28]",1743755151.460202,motif_12,0.21159166759706005,77,2,non-split,False
"[6, 30]",1743755151.460329,motif_134,0.08221932042032565,54,9,split,False
"[6, 33]",1743755151.460456,motif_590,0.325082100588966,35,8,split,False
"[6, 35]",1743755151.460583,motif_300,0.30457536660232265,39,0,split,False
"[6, 36]",1743755151.460704,motif_866,0.6686589638862254,96,0,split,False
"[6, 39]",1743755151.460832,motif_68,0.9568816744579794,59,8,non-split,False
"[6, 40]",1743755151.4609542,motif_860,0.7480561043579027,99,6,non-split,False
"[6, 42]",1743755151.461078,motif_150,0.8066036848603568,25,7,split,False
"[6, 45]",1743755151.4612072,motif_730,0.6074713091116056,22,4,split,False
"[6, 46]",1743755151.461333,motif_911,0.6250894997399529,63,2,non-split,False
"[6, 49]",1743755151.4614642,motif_880,0.8313560219956638,2,5,non-split,False
"[6, 51]",1743755151.461588,motif_721,0.5968101545217867,44,4,non-split,False
"[6, 52]",1743755151.461709,motif_970,0.639854245282059,19,7,split,False
"[6, 55]",1743755151.461836,motif_610,0.0535143554746873,62,8,split,False
"[6, 56]",1743755151.461958,motif_548,0.6897445833289879,15,0,non-split,False
"[6, 58]",1743755151.462084,motif_556,0.529832284208221,13,4,split,False
"[6, 61]",1743755151.46221,motif_442,0.05339275134799737,51,0,non-split,False
"[6, 63]",1743755151.462336,motif_531,0.008184967511836061,47,7,non-split,False
"[6, 64]",1743755151.4624572,motif_828,0.7950172865485478,53,1,non-split,False
"[6, 66]",1743755151.462581,motif_850,0.20950884915521573,9,1,split,False
"[6, 69]",1743755151.4627059,motif_412,0.6537210473773587,45,1,non-split,False
"[6, 70]",1743755151.462828,motif_263,0.6842001110991112,92,4,non-split,False
"[6, 73]",1743755151.462954,motif_602,0.15523071206762185,36,0,non-split,False
"[6, 75]",1743755151.463077,motif_970,0.33348456167249596,26,2,non-split,False
"[6, 76]",1743755151.463199,motif_173,0.34646728981777797,82,7,non-split,False
"[6, 78]",1743755151.463331,motif_100,0.8892490270175556,82,4,split,False
"[6, 79]",1743755151.4634519,motif_462,0.8496470218369916,64,4,split,False
"[6, 80]",1743755151.46358,motif_868,0.6642733822541433,57,0,split,False
"[6, 81]",1743755151.463712,motif_572,0.09440016256305594,85,3,non-split,False
"[6, 82]",1743755151.463834,motif_261,0.9083825155376322,42,6,non-split,False
"[6, 85]",1743755151.4639602,motif_144,0.15707405879199643,88,8,split,False
"[6, 86]",1743755151.4640808,motif_300,0.5285287404256052,39,1,non-split,False
"[6, 87]",1743755151.464204,motif_310,0.01570223178136143,90,7,non-split,False
"[6, 88]",1743755151.464326,motif_227,0.42989459552923937,39,6,split,False
"[6, 89]",1743755151.464447,motif_343,0.3605718661573829,57,8,non-split,False
"[6, 90]",1743755151.464571,motif_701,0.7639422056365309,34,9,non-split,False
"[6, 91]",1743755151.464694,motif_929,0.013265110304979233,27,9,split,False
"[6, 92]",1743755151.464821,motif_770,0.6405234364285032,55,7,non-split,False
"[6, 93]",1743755151.4649432,motif_675,0.9580292348441312,30,7,split,False
"[6, 96]",1743755151.465091,motif_695,0.37082382530119573,94,5,non-split,False
"[6, 97]",1743755151.4652128,motif_101,0.2757132426060005,28,5,split,False
"[6, 98]",1743755151.4653351,motif_608,0.4925379946237337,3,8,non-split,False
"[6, 99]",1743755151.4654589,motif_612,0.04927171682655396,47,1,non-split,False
"[6, 100]",1743755151.465581,motif_59,0.8604409824488402,88,7,split,False
"[6, 101]",1743755151.465709,motif_922,0.014797231708383873,44,7,split,False
"[6, 102]",1743755151.4658308,motif_249,0.5692397552579743,35,7,split,False
"[6, 105]",1743755151.4659562,motif_703,0.7463681638942395,6,1,non-split,False
"[6, 106]",1743755151.466094,motif_696,0.6288076026023661,49,3,non-split,False
"[6, 107]",1743755151.4662201,motif_573,0.5765782815449804,74,4,split,False
"[6, 108]",1743755151.4663732,motif_647,0.5878220437348299,54,3,split,False
"[6, 109]",1743755151.466502,motif_996,0.9844590370323917,2,0,split,False
"[6, 112]",1743755151.4666371,motif_836,0.19865499807807285,19,4,split,False
"[6, 113]",1743755151.4667819,motif_994,0.13825158937094806,18,9,split,False
"[6, 114]",1743755151.466929,motif_235,0.26315479269052866,89,4,split,False
"[6, 117]",1743755151.467083,motif_623,0.344203495197432,3,1,non-split,False
"[6, 122]",1743755151.467215,motif_960,0.5040250988016884,27,8,non-split,False
"[6, 125]",1743755151.467345,motif_903,0.38925658912250527,45,6,split,False
"[6, 126]",1743755151.467467,motif_217,0.24785530524687516,86,0,split,False
"[6, 127]",1743755151.4675891,motif_989,0.8210859061409596,55,1,split,False
"[6, 130]",1743755151.467723,motif_757,0.9896742783585157,51,3,split,False
"[6, 131]",1743755151.4678452,motif_473,0.4368215882112816,75,7,non-split,False
"[6, 132]",1743755151.467967,motif_134,0.9809295675688481,93,5,non-split,False
"[6, 133]",1743755151.468123,motif_57,0.05464641213516386,47,4,split,False
"[6, 134]",1743755151.4682581,motif_807,0.11835946101832162,20,7,split,False
"[6, 137]",1743755151.468384,motif_697,0.43360854051043185,5,0,split,False
"[6, 138]",1743755151.468506,motif_424,0.6683943660211377,74,2,split,False
"[6, 139]",1743755151.46863,motif_736,0.6808804109051124,1,7,non-split,False
"[6, 140]",1743755151.468755,motif_570,0.5874500584680231,85,3,non-split,False
"[6, 141]",1743755151.468877,motif_160,0.43236676241319594,87,4,split,False
"[6, 142]",1743755151.469004,motif_324,0.30823238849936996,98,4,split,False
"[6, 143]",1743755151.469127,motif_511,0.12909457143418346,31,8,split,False
"[6, 146]",1743755151.4692779,motif_924,0.11537325353818484,34,9,non-split,False
"[6, 147]",1743755151.4694011,motif_964,0.16674234519401732,91,5,split,False
"[6, 148]",1743755151.469526,motif_714,0.22226831203850816,76,7,non-split,False
"[6, 149]",1743755151.4696488,motif_515,0.6762051315725188,5,1,non-split,False
"[6, 150]",1743755151.4697778,motif_871,0.3754992509340477,11,1,non-split,False
"[6, 151]",1743755151.469899,motif_695,0.44863251268107807,28,4,split,False
"[6, 152]",1743755151.4700239,motif_328,0.5508249854510134,33,2,non-split,False
"[6, 153]",1743755151.4701471,motif_925,0.29356360281093186,2,6,split,False
"[6, 154]",1743755151.4702709,motif_127,0.10499916329983372,73,0,non-split,False
"[6, 157]",1743755151.470397,motif_227,0.7657072149977613,25,7,non-split,False
"[6, 158]",1743755151.470519,motif_749,0.2425962641524202,30,2,split,False
"[6, 159]",1743755151.4706419,motif_56,0.8555252935268679,39,5,split,False
"[6, 160]",1743755151.470765,motif_108,0.2537294757394303,7,7,non-split,False
"[6, 161]",1743755151.470887,motif_915,0.43294792060595666,90,3,split,False
"[6, 163]",1743755151.471012,motif_8,0.9150750805696619,10,4,split,False
"[6, 164]",1743755151.471143,motif_711,0.2176116918538048,23,7,split,False
"[6, 166]",1743755151.471285,motif_100,0.1553621863026068,36,1,non-split,False
"[6, 169]",1743755151.471416,motif_616,0.8265992066600464,26,9,non-split,False
"[6, 170]",1743755151.471586,motif_17,0.4160281566322329,45,3,non-split,False
"[6, 173]",1743755151.4717171,motif_329,0.690996063600992,3,9,non-split,False
"[6, 175]",1743755151.471851,motif_299,0.4733416423065224,38,8,split,False
"[6, 176]",1743755151.471977,motif_151,0.0032816729403123412,47,6,non-split,False
"[6, 178]",1743755151.472106,motif_277,0.9080161756875228,2,0,split,False
"[6, 181]",1743755151.472237,motif_765,0.41151906292858165,11,3,non-split,False
"[6, 183]",1743755151.472369,motif_902,0.6987568601074353,54,4,split,False
"[6, 184]",1743755151.472495,motif_310,0.10665031503961542,26,9,split,False
"[6, 187]",1743755151.4726322,motif_418,0.22261496786101187,49,7,split,False
"[6, 188]",1743755151.4727612,motif_248,0.6001315770355821,41,6,non-split,False
"[6, 190]",1743755151.4728901,motif_720,0.049694129928582687,2,1,split,False
"[6, 193]",1743755151.4730198,motif_573,0.02317683808422577,10,3,non-split,False
"[6, 194]",1743755151.4731479,motif_253,0.3171113665628703,3,2,non-split,False
"[6, 197]",1743755151.473282,motif_316,0.04993253575891754,22,7,non-split,False
"[6, 199]",1743755151.473411,motif_5,0.011526999635400603,8,2,non-split,False
"[6, 200]",1743755151.4735382,motif_895,0.18979638628676154,72,3,non-split,False
"[6, 203]",1743755151.473669,motif_663,0.22668748170698305,90,4,split,False
"[6, 204]",1743755151.4737961,motif_335,0.23674946759163396,70,4,non-split,False
"[6, 206]",1743755151.473956,motif_851,0.8675232196316695,7,2,non-split,False
"[6, 209]",1743755151.474092,motif_640,0.9736493971167245,43,4,split,False
"[6, 211]",1743755151.4742222,motif_893,0.7220099932377303,19,2,split,False
"[6, 212]",1743755151.474355,motif_9,0.5626749111569149,8,4,split,False
"[6, 214]",1743755151.4745102,motif_184,0.2017762178285475,6,4,non-split,False
"[6, 217]",1743755151.4746408,motif_296,0.6801554706174568,44,7,split,False
"[6, 218]",1743755151.4747689,motif_520,0.9000323784226987,92,0,non-split,False
"[6, 221]",1743755151.4749,motif_673,0.9893894957532288,2,1,split,False
"[6, 223]",1743755151.475029,motif_126,0.05655353093688886,62,4,split,False
"[6, 224]",1743755151.475157,motif_652,0.5451639705553042,64,2,split,False
"[6, 232]",1743755151.475304,motif_997,0.734639142451621,56,5,non-split,False
"[7, 14]",1743755151.475473,motif_415,0.9866015885861671,27,1,non-split,False
"[7, 17]",1743755151.475602,motif_922,0.4197217828674795,55,2,split,False
"[7, 19]",1743755151.47573,motif_928,0.3894422701308219,17,9,split,False
"[7, 20]",1743755151.475858,motif_397,0.21972395395735578,8,4,split,False
"[7, 23]",1743755151.475987,motif_64,0.5716778340899186,16,5,non-split,False
"[7, 24]",1743755151.4761112,motif_527,0.23108289179029895,38,4,non-split,False
"[7, 26]",1743755151.4762392,motif_334,0.9953988400924432,64,7,non-split,False
"[7, 29]",1743755151.476368,motif_18,0.1119220975463876,67,1,non-split,False
"[7, 31]",1743755151.476494,motif_788,0.2549689551911569,85,5,split,False
"[7, 32]",1743755151.476618,motif_358,0.6225132743479384,75,3,non-split,False
"[7, 34]",1743755151.476745,motif_95,0.6454565155905254,71,3,non-split,False
"[7, 37]",1743755151.476885,motif_304,0.5681495012408901,68,8,split,False
"[7, 38]",1743755151.47701,motif_572,0.7421338825904681,70,9,non-split,False
"[7, 41]",1743755151.47715,motif_325,0.03744114011290667,59,3,split,False
"[7, 43]",1743755151.477283,motif_65,0.4559520382576018,13,8,non-split,False
"[7, 44]",1743755151.477408,motif_630,0.5391501936519862,3,2,split,False
"[7, 47]",1743755151.4775522,motif_812,0.8382180323535606,37,3,non-split,False
"[7, 48]",1743755151.477681,motif_132,0.8942564201521401,99,3,split,False
"[7, 50]",1743755151.4778082,motif_168,0.19747964581231414,42,3,split,False
"[7, 53]",1743755151.477937,motif_626,0.975543689694178,4,4,split,False
"[7, 54]",1743755151.478061,motif_753,0.8229617885952888,28,7,split,False
"[7, 57]",1743755151.4781911,motif_251,0.9656753710786673,32,0,non-split,False
"[7, 59]",1743755151.478318,motif_131,0.2496212887236614,5,2,non-split,False
"[7, 60]",1743755151.478444,motif_620,0.6721998764402263,46,6,split,False
"[7, 62]",1743755151.478571,motif_348,0.10383014002070712,24,4,non-split,False
"[7, 65]",1743755151.478702,motif_489,0.21532002874355893,53,2,split,False
"[7, 67]",1743755151.4788291,motif_961,0.24857635888994523,40,6,non-split,False
"[7, 68]",1743755151.478954,motif_305,0.28184970309693835,37,1,split,False
"[7, 71]",1743755151.479083,motif_780,0.1674359547363865,52,8,non-split,False
"[7, 72]",1743755151.479209,motif_816,0.9291303851170335,11,1,non-split,False
"[7, 74]",1743755151.479336,motif_956,0.010173712857909578,93,6,split,False
"[7, 77]",1743755151.479465,motif_960,0.011483388430644226,18,6,non-split,False
"[7, 78]",1743755151.4795918,motif_36,0.6767471133428782,73,4,split,False
"[7, 79]",1743755151.479718,motif_582,0.06977633712357911,30,7,non-split,False
"[7, 80]",1743755151.479846,motif_524,0.6868881958683407,44,9,non-split,False
"[7, 81]",1743755151.479977,motif_534,0.6454320175555758,48,6,non-split,False
"[7, 82]",1743755151.4801018,motif_120,0.205680514564606,24,2,non-split,False
"[7, 85]",1743755151.480232,motif_102,0.6859561944964832,24,2,non-split,False
"[7, 86]",1743755151.480358,motif_132,0.6899239011530923,65,0,non-split,False
"[7, 87]",1743755151.480482,motif_712,0.6723694382338119,28,8,split,False
"[7, 88]",1743755151.480608,motif_482,0.6572417661157707,14,1,split,False
"[7, 89]",1743755151.480741,motif_226,0.11622627821560028,67,1,non-split,False
"[7, 90]",1743755151.480865,motif_920,0.49228734833003185,41,1,split,False
"[7, 91]",1743755151.48099,motif_652,0.6858246059804602,49,6,non-split,False
"[7, 92]",1743755151.48112,motif_315,0.41759938616346715,98,5,split,False
"[7, 93]",1743755151.481249,motif_890,0.4625905755831614,1,0,non-split,False
"[7, 96]",1743755151.481378,motif_803,0.38453223726551555,76,6,non-split,False
"[7, 97]",1743755151.48151,motif_955,0.5155225325825183,13,4,non-split,False
"[7, 98]",1743755151.481637,motif_930,0.7805596250845692,37,3,split,False
"[7, 99]",1743755151.481762,motif_888,0.7782185664113362,78,2,split,False
"[7, 100]",1743755151.4818869,motif_461,0.8157988954833726,42,0,split,False
"[7, 101]",1743755151.4820118,motif_337,0.905076692279467,90,7,split,False
"[7, 102]",1743755151.4821382,motif_69,0.9675998367886037,21,0,non-split,False
"[7, 105]",1743755151.482274,motif_705,0.3831872849429011,42,9,split,False
"[7, 106]",1743755151.482399,motif_152,0.3022700928718658,14,9,non-split,False
"[7, 107]",1743755151.4825249,motif_4,0.8875251624551117,21,8,split,False
"[7, 108]",1743755151.482661,motif_967,0.086798105433468,47,5,split,False
"[7, 109]",1743755151.482791,motif_923,0.9320209928121078,16,3,split,False
"[7, 112]",1743755151.48292,motif_31,0.5383355825620896,86,5,split,False
"[7, 113]",1743755151.483061,motif_988,0.23648928423803783,13,6,split,False
"[7, 114]",1743755151.4832041,motif_817,0.6473620969353664,77,6,split,False
"[7, 117]",1743755151.483339,motif_606,0.26121344269937985,39,5,non-split,False
"[7, 122]",1743755151.4834719,motif_894,0.5371426392363066,97,6,split,False
"[7, 125]",1743755151.483604,motif_78,0.693165856394091,26,5,non-split,False
"[7, 126]",1743755151.4837298,motif_110,0.9268716120107017,97,5,non-split,False
"[7, 127]",1743755151.483856,motif_868,0.9964245384399621,37,4,non-split,False
"[7, 130]",1743755151.483985,motif_451,0.2527678880119735,72,5,non-split,False
"[7, 131]",1743755151.4841259,motif_477,0.8388917562934858,86,8,split,False
"[7, 132]",1743755151.484253,motif_458,0.2918045012806738,56,3,split,False
"[7, 133]",1743755151.4843788,motif_8,0.38225863243757763,92,1,non-split,False
"[7, 134]",1743755151.484504,motif_175,0.9438492540912704,9,8,split,False
"[7, 137]",1743755151.484637,motif_71,0.3105589734392591,75,9,split,False
"[7, 138]",1743755151.484763,motif_723,0.1998407642599247,41,0,split,False
"[7, 139]",1743755151.484888,motif_571,0.9172362963507771,27,5,non-split,False
"[7, 140]",1743755151.4850152,motif_452,0.24913536518525548,60,7,split,False
"[7, 141]",1743755151.485141,motif_173,0.4774229494160047,4,9,non-split,False
"[7, 142]",1743755151.485266,motif_103,0.013791346424592343,73,9,split,False
"[7, 143]",1743755151.4853928,motif_702,0.30595105355792007,93,8,split,False
"[7, 146]",1743755151.4855318,motif_223,0.3506363436059723,56,2,split,False
"[7, 147]",1743755151.485661,motif_736,0.7305418540567649,68,7,non-split,False
"[7, 148]",1743755151.4857862,motif_407,0.9199881833224575,78,1,non-split,False
"[7, 149]",1743755151.4859269,motif_63,0.4902328063012996,99,6,split,False
"[7, 150]",1743755151.486054,motif_142,0.43779501672861654,29,4,split,False
"[7, 151]",1743755151.486179,motif_257,0.32571261762762127,76,6,split,False
"[7, 152]",1743755151.486308,motif_320,0.06071065794288166,72,0,split,False
"[7, 153]",1743755151.486434,motif_577,0.701816151119957,19,9,non-split,False
"[7, 154]",1743755151.486583,motif_279,0.9017034292189539,17,4,non-split,False
"[7, 157]",1743755151.4867258,motif_305,0.30647699661163963,59,3,non-split,False
"[7, 158]",1743755151.486857,motif_248,0.20603341022242538,1,6,split,False
"[7, 159]",1743755151.486984,motif_936,0.09407615744062559,50,1,non-split,False
"[7, 160]",1743755151.487114,motif_926,0.9357750305444676,7,6,split,False
"[7, 161]",1743755151.4872398,motif_521,0.2578512562213455,62,5,split,False
"[7, 162]",1743755151.487366,motif_567,0.589529176934962,96,6,split,False
"[7, 165]",1743755151.487496,motif_811,0.7000901276972725,37,9,split,False
"[7, 167]",1743755151.487633,motif_251,0.6542812486649711,95,4,non-split,False
"[7, 168]",1743755151.487773,motif_704,0.7270267804036179,44,3,non-split,False
"[7, 171]",1743755151.487904,motif_152,0.46519764768459304,75,7,non-split,False
"[7, 172]",1743755151.488031,motif_745,0.1861766076991851,58,0,split,False
"[7, 174]",1743755151.488179,motif_30,0.38756938863447654,97,8,split,False
"[7, 177]",1743755151.488311,motif_984,0.9846959501794944,8,6,non-split,False
"[7, 179]",1743755151.488439,motif_40,0.6384694859221167,31,2,non-split,False
"[7, 180]",1743755151.488565,motif_707,0.2633418651972962,68,8,split,False
"[7, 182]",1743755151.4886951,motif_411,0.21869264900118002,69,0,split,False
"[7, 185]",1743755151.488825,motif_550,0.7410291459066801,75,7,split,False
"[7, 186]",1743755151.488951,motif_7,0.1182414456358093,58,3,non-split,False
"[7, 189]",1743755151.489088,motif_369,0.048606902215469594,87,5,split,False
"[7, 191]",1743755151.489221,motif_336,0.9832984479279127,38,3,split,False
"[7, 192]",1743755151.4893498,motif_2,0.6442299135894229,8,7,non-split,False
"[7, 195]",1743755151.489506,motif_870,0.517846113191745,69,6,non-split,False
"[7, 196]",1743755151.489633,motif_221,0.975826205726248,78,9,non-split,False
"[7, 198]",1743755151.489801,motif_78,0.7486424481119285,57,6,split,False
"[7, 201]",1743755151.489933,motif_387,0.1562961770871052,57,8,non-split,False
"[7, 202]",1743755151.490059,motif_451,0.13220137988046055,97,0,split,False
"[7, 205]",1743755151.4901938,motif_365,0.6464794529928194,74,2,non-split,False
"[7, 207]",1743755151.4903219,motif_130,0.7305743673097638,56,6,split,False
"[7, 208]",1743755151.490449,motif_331,0.9701565022954325,8,2,split,False
"[7, 210]",1743755151.490578,motif_163,0.269575021596692,2,3,split,False
"[7, 213]",1743755151.490716,motif_106,0.5848275756997939,87,7,split,False
